:ID,:Label,confidence:Float
fc43e587e3df077329b354a6ef05dd29,Apparel,55.38291549682617
0f4e1aaabd074689b7d3ead824d1ee8e,Arrow,50.12788391113281
efe0bd2c212eceec598c42a15b8cd07f,Clothing,55.38291549682617
8af5861002f3c157f9ba842bba10aa3f,Face,51.44035720825195
636e48cb20aff512acac1609c23c0467,Final Fantasy,52.31382369995117
193cfc9be3b995831c6af2fea6650e60,Page,53.37156295776367
02c86eb2792f3262c21d030a87e19793,Symbol,50.12788391113281
9dffbf69ffba8bc38bc4e01abf4b1675,Text,54.760807037353516
a3e8ae43188ae76d38f414b2bdb0077b,Texture,97.13557434082031
25a81701fbfa4a1efdf660a950c1d006,White,97.13557434082031
d514aad66bfbf626641928b866036dee,White Board,63.33339309692383
fc43e587e3df077329b354a6ef05dd29,Apparel,58.57859802246094
efe0bd2c212eceec598c42a15b8cd07f,Clothing,58.57859802246094
8af5861002f3c157f9ba842bba10aa3f,Face,56.79867935180664
9dffbf69ffba8bc38bc4e01abf4b1675,Text,61.01749038696289
a3e8ae43188ae76d38f414b2bdb0077b,Texture,93.8719253540039
25a81701fbfa4a1efdf660a950c1d006,White,93.8719253540039
d514aad66bfbf626641928b866036dee,White Board,59.60886764526367
49c3fc5da1c39b28dd9e2956e7aec9a9,Alphabet,51.973419189453125
fc43e587e3df077329b354a6ef05dd29,Apparel,64.81015014648438
efe0bd2c212eceec598c42a15b8cd07f,Clothing,64.81015014648438
8af5861002f3c157f9ba842bba10aa3f,Face,70.83307647705078
02c86eb2792f3262c21d030a87e19793,Symbol,51.25776672363281
9dffbf69ffba8bc38bc4e01abf4b1675,Text,78.73695373535156
a3e8ae43188ae76d38f414b2bdb0077b,Texture,79.09803009033203
25a81701fbfa4a1efdf660a950c1d006,White,79.09803009033203
49c3fc5da1c39b28dd9e2956e7aec9a9,Alphabet,55.7641716003418
fc43e587e3df077329b354a6ef05dd29,Apparel,56.6563606262207
efe0bd2c212eceec598c42a15b8cd07f,Clothing,56.6563606262207
8af5861002f3c157f9ba842bba10aa3f,Face,66.88259887695312
8c2857a9ad1d8f31659e35e904e20fa6,Logo,55.18025207519531
02c86eb2792f3262c21d030a87e19793,Symbol,59.15155029296875
9dffbf69ffba8bc38bc4e01abf4b1675,Text,81.1104507446289
a3e8ae43188ae76d38f414b2bdb0077b,Texture,61.67165756225586
b1ff5704b48e42d700d43961dd415064,Trademark,55.18025207519531
25a81701fbfa4a1efdf660a950c1d006,White,61.67165756225586
49c3fc5da1c39b28dd9e2956e7aec9a9,Alphabet,52.6462516784668
fc43e587e3df077329b354a6ef05dd29,Apparel,52.20912170410156
efe0bd2c212eceec598c42a15b8cd07f,Clothing,52.20912170410156
8c2857a9ad1d8f31659e35e904e20fa6,Logo,61.150657653808594
02c86eb2792f3262c21d030a87e19793,Symbol,63.812843322753906
9dffbf69ffba8bc38bc4e01abf4b1675,Text,81.04238891601562
a3e8ae43188ae76d38f414b2bdb0077b,Texture,60.352027893066406
b1ff5704b48e42d700d43961dd415064,Trademark,61.150657653808594
25a81701fbfa4a1efdf660a950c1d006,White,60.352027893066406
fc43e587e3df077329b354a6ef05dd29,Apparel,54.182090759277344
efe0bd2c212eceec598c42a15b8cd07f,Clothing,54.182090759277344
8c2857a9ad1d8f31659e35e904e20fa6,Logo,65.32957458496094
02c86eb2792f3262c21d030a87e19793,Symbol,68.7479019165039
9dffbf69ffba8bc38bc4e01abf4b1675,Text,80.60690307617188
a3e8ae43188ae76d38f414b2bdb0077b,Texture,64.9373550415039
b1ff5704b48e42d700d43961dd415064,Trademark,65.32957458496094
25a81701fbfa4a1efdf660a950c1d006,White,64.9373550415039
fc43e587e3df077329b354a6ef05dd29,Apparel,61.450225830078125
efe0bd2c212eceec598c42a15b8cd07f,Clothing,61.450225830078125
8af5861002f3c157f9ba842bba10aa3f,Face,67.60713958740234
8c2857a9ad1d8f31659e35e904e20fa6,Logo,78.08927154541016
02c86eb2792f3262c21d030a87e19793,Symbol,79.07499694824219
9dffbf69ffba8bc38bc4e01abf4b1675,Text,86.03694915771484
a3e8ae43188ae76d38f414b2bdb0077b,Texture,59.14720916748047
b1ff5704b48e42d700d43961dd415064,Trademark,78.08927154541016
25a81701fbfa4a1efdf660a950c1d006,White,59.14720916748047
fc43e587e3df077329b354a6ef05dd29,Apparel,64.39961242675781
efe0bd2c212eceec598c42a15b8cd07f,Clothing,64.39961242675781
8af5861002f3c157f9ba842bba10aa3f,Face,84.5618896484375
8c2857a9ad1d8f31659e35e904e20fa6,Logo,82.46186065673828
02c86eb2792f3262c21d030a87e19793,Symbol,82.46186065673828
9dffbf69ffba8bc38bc4e01abf4b1675,Text,88.3987045288086
a3e8ae43188ae76d38f414b2bdb0077b,Texture,56.20610046386719
b1ff5704b48e42d700d43961dd415064,Trademark,82.46186065673828
25a81701fbfa4a1efdf660a950c1d006,White,56.20610046386719
07a094a210794e74a0e5e1a1457a92ee,Word,55.70151901245117
fc43e587e3df077329b354a6ef05dd29,Apparel,64.67139434814453
efe0bd2c212eceec598c42a15b8cd07f,Clothing,64.67139434814453
8af5861002f3c157f9ba842bba10aa3f,Face,84.68604278564453
8c2857a9ad1d8f31659e35e904e20fa6,Logo,82.4558334350586
02c86eb2792f3262c21d030a87e19793,Symbol,82.4558334350586
9dffbf69ffba8bc38bc4e01abf4b1675,Text,88.49559783935547
a3e8ae43188ae76d38f414b2bdb0077b,Texture,56.08692932128906
b1ff5704b48e42d700d43961dd415064,Trademark,82.4558334350586
25a81701fbfa4a1efdf660a950c1d006,White,56.08692932128906
07a094a210794e74a0e5e1a1457a92ee,Word,55.3798713684082
fc43e587e3df077329b354a6ef05dd29,Apparel,70.17617797851562
efe0bd2c212eceec598c42a15b8cd07f,Clothing,70.17617797851562
8af5861002f3c157f9ba842bba10aa3f,Face,67.9891357421875
8c2857a9ad1d8f31659e35e904e20fa6,Logo,66.13223266601562
02c86eb2792f3262c21d030a87e19793,Symbol,75.5604476928711
9dffbf69ffba8bc38bc4e01abf4b1675,Text,71.07557678222656
b1ff5704b48e42d700d43961dd415064,Trademark,66.13223266601562
fc43e587e3df077329b354a6ef05dd29,Apparel,84.48210144042969
efe0bd2c212eceec598c42a15b8cd07f,Clothing,84.48210144042969
636e48cb20aff512acac1609c23c0467,Final Fantasy,50.87546920776367
5633f0c2ef79566f47e39491600497ff,Helmet,71.73938751220703
c1bb19b27818343c1926119b958741b5,Human,78.58182525634766
d212ce7fdc2357d19628334b5a2a2b2f,Nature,70.28790283203125
3f5dc11addfa97f293a748209062a0d9,Outdoors,70.87590789794922
40bed7cf9b3d4bb3a3d7a7e3eb18c5eb,Person,78.58182525634766
c03d53b70feba4ea842510abecd6c45e,Photo,50.73271179199219
a2a5c33eda9046576764de2400b1aa50,Photography,50.73271179199219
cec7ca178e2f7b1ae3a4600868c57aca,Sand,52.375022888183594
e4b9dca2448724ca25e388a0317a09c8,Soil,79.3081283569336
02c86eb2792f3262c21d030a87e19793,Symbol,54.020328521728516
fc43e587e3df077329b354a6ef05dd29,Apparel,82.97183990478516
efe0bd2c212eceec598c42a15b8cd07f,Clothing,82.97183990478516
000c016d34ff41e245b69c67f22c83ff,Desert,60.41943359375
636e48cb20aff512acac1609c23c0467,Final Fantasy,50.34775161743164
5633f0c2ef79566f47e39491600497ff,Helmet,82.97183990478516
c1bb19b27818343c1926119b958741b5,Human,97.80249786376953
d212ce7fdc2357d19628334b5a2a2b2f,Nature,89.08209991455078
3f5dc11addfa97f293a748209062a0d9,Outdoors,90.71302795410156
40bed7cf9b3d4bb3a3d7a7e3eb18c5eb,Person,97.80249786376953
c03d53b70feba4ea842510abecd6c45e,Photo,64.78948974609375
a2a5c33eda9046576764de2400b1aa50,Photography,64.78948974609375
cec7ca178e2f7b1ae3a4600868c57aca,Sand,70.48981475830078
d23d2ff04211e8f1d629b4b4105d44ab,Sitting,58.24611282348633
e4b9dca2448724ca25e388a0317a09c8,Soil,96.62873840332031
fc43e587e3df077329b354a6ef05dd29,Apparel,82.52288818359375
efe0bd2c212eceec598c42a15b8cd07f,Clothing,82.52288818359375
000c016d34ff41e245b69c67f22c83ff,Desert,52.646270751953125
636e48cb20aff512acac1609c23c0467,Final Fantasy,52.49251937866211
5633f0c2ef79566f47e39491600497ff,Helmet,82.52288818359375
c1bb19b27818343c1926119b958741b5,Human,97.59095764160156
d212ce7fdc2357d19628334b5a2a2b2f,Nature,86.84158325195312
3f5dc11addfa97f293a748209062a0d9,Outdoors,90.79402923583984
40bed7cf9b3d4bb3a3d7a7e3eb18c5eb,Person,97.59095764160156
c03d53b70feba4ea842510abecd6c45e,Photo,65.62183380126953
a2a5c33eda9046576764de2400b1aa50,Photography,65.62183380126953
cec7ca178e2f7b1ae3a4600868c57aca,Sand,61.37125778198242
d23d2ff04211e8f1d629b4b4105d44ab,Sitting,60.08395767211914
e4b9dca2448724ca25e388a0317a09c8,Soil,91.46035766601562
dc1d2a4d591857f0a0dd38b4ebcf5a72,Adventure,53.96813201904297
fc43e587e3df077329b354a6ef05dd29,Apparel,82.57918548583984
efe0bd2c212eceec598c42a15b8cd07f,Clothing,82.57918548583984
dece54672475872717d715fc9ed9fe66,Countryside,61.76887130737305
000c016d34ff41e245b69c67f22c83ff,Desert,54.8682746887207
6f16a5f8ff5d75ab84c018adacdfcbb7,Field,52.738834381103516
636e48cb20aff512acac1609c23c0467,Final Fantasy,55.0692138671875
d4e3b74fb352a9f0977f9b86258daddb,Grassland,51.829063415527344
5633f0c2ef79566f47e39491600497ff,Helmet,82.57918548583984
c1bb19b27818343c1926119b958741b5,Human,97.36381530761719
8cc689b6d089c79b5be6b9acf58f0165,Leisure Activities,53.96813201904297
d212ce7fdc2357d19628334b5a2a2b2f,Nature,94.24320220947266
3f5dc11addfa97f293a748209062a0d9,Outdoors,95.38646697998047
40bed7cf9b3d4bb3a3d7a7e3eb18c5eb,Person,97.36381530761719
c03d53b70feba4ea842510abecd6c45e,Photo,64.42781829833984
a2a5c33eda9046576764de2400b1aa50,Photography,64.42781829833984
cec7ca178e2f7b1ae3a4600868c57aca,Sand,70.42115783691406
d23d2ff04211e8f1d629b4b4105d44ab,Sitting,58.91826248168945
03462a41aec357b74c89eb8d272532f7,Sky,50.086578369140625
e4b9dca2448724ca25e388a0317a09c8,Soil,91.73870849609375
dc1d2a4d591857f0a0dd38b4ebcf5a72,Adventure,50.7564582824707
fc43e587e3df077329b354a6ef05dd29,Apparel,84.97766876220703
efe0bd2c212eceec598c42a15b8cd07f,Clothing,84.97766876220703
dece54672475872717d715fc9ed9fe66,Countryside,60.341339111328125
000c016d34ff41e245b69c67f22c83ff,Desert,60.412864685058594
636e48cb20aff512acac1609c23c0467,Final Fantasy,57.547752380371094
5633f0c2ef79566f47e39491600497ff,Helmet,84.97766876220703
c1bb19b27818343c1926119b958741b5,Human,97.73037719726562
8cc689b6d089c79b5be6b9acf58f0165,Leisure Activities,50.7564582824707
d212ce7fdc2357d19628334b5a2a2b2f,Nature,95.83914947509766
3f5dc11addfa97f293a748209062a0d9,Outdoors,95.55835723876953
40bed7cf9b3d4bb3a3d7a7e3eb18c5eb,Person,97.73037719726562
c03d53b70feba4ea842510abecd6c45e,Photo,64.35697174072266
a2a5c33eda9046576764de2400b1aa50,Photography,64.35697174072266
cec7ca178e2f7b1ae3a4600868c57aca,Sand,61.72386932373047
d23d2ff04211e8f1d629b4b4105d44ab,Sitting,58.12781524658203
03462a41aec357b74c89eb8d272532f7,Sky,51.301212310791016
e4b9dca2448724ca25e388a0317a09c8,Soil,85.39682006835938
fc43e587e3df077329b354a6ef05dd29,Apparel,83.51543426513672
efe0bd2c212eceec598c42a15b8cd07f,Clothing,83.51543426513672
dece54672475872717d715fc9ed9fe66,Countryside,53.85166931152344
000c016d34ff41e245b69c67f22c83ff,Desert,76.33145141601562
636e48cb20aff512acac1609c23c0467,Final Fantasy,50.33837890625
5633f0c2ef79566f47e39491600497ff,Helmet,83.51543426513672
c1bb19b27818343c1926119b958741b5,Human,98.31944274902344
d212ce7fdc2357d19628334b5a2a2b2f,Nature,97.38634490966797
3f5dc11addfa97f293a748209062a0d9,Outdoors,97.00585174560547
40bed7cf9b3d4bb3a3d7a7e3eb18c5eb,Person,98.31944274902344
c03d53b70feba4ea842510abecd6c45e,Photo,65.84992980957031
a2a5c33eda9046576764de2400b1aa50,Photography,65.84992980957031
cec7ca178e2f7b1ae3a4600868c57aca,Sand,78.32369995117188
d23d2ff04211e8f1d629b4b4105d44ab,Sitting,58.31330490112305
03462a41aec357b74c89eb8d272532f7,Sky,50.124725341796875
e4b9dca2448724ca25e388a0317a09c8,Soil,94.92321014404297
fc43e587e3df077329b354a6ef05dd29,Apparel,82.60014343261719
efe0bd2c212eceec598c42a15b8cd07f,Clothing,82.60014343261719
000c016d34ff41e245b69c67f22c83ff,Desert,65.09423065185547
636e48cb20aff512acac1609c23c0467,Final Fantasy,51.296417236328125
5633f0c2ef79566f47e39491600497ff,Helmet,82.60014343261719
c1bb19b27818343c1926119b958741b5,Human,98.75897979736328
47c954121886a5e5aaca7eece461b56f,Machine,50.91692352294922
d212ce7fdc2357d19628334b5a2a2b2f,Nature,95.8499755859375
3f5dc11addfa97f293a748209062a0d9,Outdoors,95.32408905029297
40bed7cf9b3d4bb3a3d7a7e3eb18c5eb,Person,98.75897979736328
c03d53b70feba4ea842510abecd6c45e,Photo,66.25987243652344
a2a5c33eda9046576764de2400b1aa50,Photography,66.25987243652344
cec7ca178e2f7b1ae3a4600868c57aca,Sand,74.56385803222656
d23d2ff04211e8f1d629b4b4105d44ab,Sitting,57.53429412841797
e4b9dca2448724ca25e388a0317a09c8,Soil,98.6355209350586
a5df60ef4fc4447353769d66661d2229,Wheel,50.91692352294922
fc43e587e3df077329b354a6ef05dd29,Apparel,81.93109893798828
efe0bd2c212eceec598c42a15b8cd07f,Clothing,81.93109893798828
636e48cb20aff512acac1609c23c0467,Final Fantasy,54.58702087402344
5633f0c2ef79566f47e39491600497ff,Helmet,79.56674194335938
c1bb19b27818343c1926119b958741b5,Human,98.8291244506836
d212ce7fdc2357d19628334b5a2a2b2f,Nature,75.03047180175781
3f5dc11addfa97f293a748209062a0d9,Outdoors,74.8139419555664
40bed7cf9b3d4bb3a3d7a7e3eb18c5eb,Person,98.8291244506836
c03d53b70feba4ea842510abecd6c45e,Photo,51.99510192871094
a2a5c33eda9046576764de2400b1aa50,Photography,51.99510192871094
e4b9dca2448724ca25e388a0317a09c8,Soil,78.7969741821289
fc43e587e3df077329b354a6ef05dd29,Apparel,54.506797790527344
efe0bd2c212eceec598c42a15b8cd07f,Clothing,54.506797790527344
636e48cb20aff512acac1609c23c0467,Final Fantasy,56.86241149902344
b4e6496a549343698ad8a608c3475546,Grand Theft Auto,59.79548645019531
c1bb19b27818343c1926119b958741b5,Human,98.86170959472656
40bed7cf9b3d4bb3a3d7a7e3eb18c5eb,Person,98.86170959472656
636e48cb20aff512acac1609c23c0467,Final Fantasy,58.57651138305664
b4e6496a549343698ad8a608c3475546,Grand Theft Auto,62.513389587402344
c1bb19b27818343c1926119b958741b5,Human,98.9919204711914
40bed7cf9b3d4bb3a3d7a7e3eb18c5eb,Person,98.9919204711914
161e7ce7bfdc89ab4b9f52c1d4c94212,Animal,50.47312927246094
fc43e587e3df077329b354a6ef05dd29,Apparel,51.347190856933594
ebe418ae757b121b0d636041981fc1d1,Bird,50.47312927246094
efe0bd2c212eceec598c42a15b8cd07f,Clothing,51.347190856933594
636e48cb20aff512acac1609c23c0467,Final Fantasy,65.53553009033203
b4e6496a549343698ad8a608c3475546,Grand Theft Auto,56.0931510925293
c1bb19b27818343c1926119b958741b5,Human,99.07845306396484
40bed7cf9b3d4bb3a3d7a7e3eb18c5eb,Person,99.07845306396484
636e48cb20aff512acac1609c23c0467,Final Fantasy,69.96063995361328
b4e6496a549343698ad8a608c3475546,Grand Theft Auto,55.3380241394043
c1bb19b27818343c1926119b958741b5,Human,99.10665130615234
40bed7cf9b3d4bb3a3d7a7e3eb18c5eb,Person,99.10665130615234
636e48cb20aff512acac1609c23c0467,Final Fantasy,61.92702865600586
b4e6496a549343698ad8a608c3475546,Grand Theft Auto,56.320980072021484
c1bb19b27818343c1926119b958741b5,Human,99.12158203125
40bed7cf9b3d4bb3a3d7a7e3eb18c5eb,Person,99.12158203125
636e48cb20aff512acac1609c23c0467,Final Fantasy,58.36500930786133
b4e6496a549343698ad8a608c3475546,Grand Theft Auto,52.37623977661133
c1bb19b27818343c1926119b958741b5,Human,99.19676971435547
40bed7cf9b3d4bb3a3d7a7e3eb18c5eb,Person,99.19676971435547
8af5861002f3c157f9ba842bba10aa3f,Face,79.7672348022461
636e48cb20aff512acac1609c23c0467,Final Fantasy,54.962223052978516
aa6df57fb6fe377d80b4a257b4a92cba,Halo,53.78968048095703
98921133d10fbdb0fb6dbb7b2648befe,Head,51.68346405029297
c1bb19b27818343c1926119b958741b5,Human,99.29370880126953
40bed7cf9b3d4bb3a3d7a7e3eb18c5eb,Person,99.29370880126953
c03d53b70feba4ea842510abecd6c45e,Photo,52.93111038208008
a2a5c33eda9046576764de2400b1aa50,Photography,52.93111038208008
1c7444be9626d149ab598fb79b639f96,Portrait,52.93111038208008
8af5861002f3c157f9ba842bba10aa3f,Face,99.11300659179688
b719ce180ec7bd9641fece2f920f4817,Female,52.50102233886719
636e48cb20aff512acac1609c23c0467,Final Fantasy,54.294578552246094
aa6df57fb6fe377d80b4a257b4a92cba,Halo,56.7520866394043
98921133d10fbdb0fb6dbb7b2648befe,Head,54.296138763427734
c1bb19b27818343c1926119b958741b5,Human,99.11300659179688
40bed7cf9b3d4bb3a3d7a7e3eb18c5eb,Person,99.11300659179688
c03d53b70feba4ea842510abecd6c45e,Photo,64.59362030029297
a2a5c33eda9046576764de2400b1aa50,Photography,64.59362030029297
1c7444be9626d149ab598fb79b639f96,Portrait,64.59362030029297
8af5861002f3c157f9ba842bba10aa3f,Face,99.2640609741211
b719ce180ec7bd9641fece2f920f4817,Female,57.304691314697266
636e48cb20aff512acac1609c23c0467,Final Fantasy,57.302894592285156
aa6df57fb6fe377d80b4a257b4a92cba,Halo,57.23193359375
98921133d10fbdb0fb6dbb7b2648befe,Head,56.02070999145508
c1bb19b27818343c1926119b958741b5,Human,99.2640609741211
40bed7cf9b3d4bb3a3d7a7e3eb18c5eb,Person,99.2640609741211
c03d53b70feba4ea842510abecd6c45e,Photo,65.03459930419922
a2a5c33eda9046576764de2400b1aa50,Photography,65.03459930419922
1c7444be9626d149ab598fb79b639f96,Portrait,65.03459930419922
8af5861002f3c157f9ba842bba10aa3f,Face,99.37332916259766
b719ce180ec7bd9641fece2f920f4817,Female,60.245384216308594
636e48cb20aff512acac1609c23c0467,Final Fantasy,58.27623748779297
aa6df57fb6fe377d80b4a257b4a92cba,Halo,57.93341827392578
98921133d10fbdb0fb6dbb7b2648befe,Head,63.99941635131836
c1bb19b27818343c1926119b958741b5,Human,99.37332916259766
40bed7cf9b3d4bb3a3d7a7e3eb18c5eb,Person,99.37332916259766
c03d53b70feba4ea842510abecd6c45e,Photo,64.52239990234375
a2a5c33eda9046576764de2400b1aa50,Photography,64.52239990234375
1c7444be9626d149ab598fb79b639f96,Portrait,64.52239990234375
8af5861002f3c157f9ba842bba10aa3f,Face,99.3662338256836
b719ce180ec7bd9641fece2f920f4817,Female,53.341087341308594
636e48cb20aff512acac1609c23c0467,Final Fantasy,56.976383209228516
aa6df57fb6fe377d80b4a257b4a92cba,Halo,63.962528228759766
98921133d10fbdb0fb6dbb7b2648befe,Head,54.98991394042969
c1bb19b27818343c1926119b958741b5,Human,99.3662338256836
40bed7cf9b3d4bb3a3d7a7e3eb18c5eb,Person,99.3662338256836
c03d53b70feba4ea842510abecd6c45e,Photo,61.717899322509766
a2a5c33eda9046576764de2400b1aa50,Photography,61.717899322509766
1c7444be9626d149ab598fb79b639f96,Portrait,61.717899322509766
8af5861002f3c157f9ba842bba10aa3f,Face,99.58818817138672
b719ce180ec7bd9641fece2f920f4817,Female,51.880672454833984
636e48cb20aff512acac1609c23c0467,Final Fantasy,52.14602279663086
aa6df57fb6fe377d80b4a257b4a92cba,Halo,57.54580307006836
98921133d10fbdb0fb6dbb7b2648befe,Head,54.8666877746582
c1bb19b27818343c1926119b958741b5,Human,99.58818817138672
40bed7cf9b3d4bb3a3d7a7e3eb18c5eb,Person,99.58818817138672
c03d53b70feba4ea842510abecd6c45e,Photo,60.888084411621094
a2a5c33eda9046576764de2400b1aa50,Photography,60.888084411621094
1c7444be9626d149ab598fb79b639f96,Portrait,60.888084411621094
8af5861002f3c157f9ba842bba10aa3f,Face,99.84864044189453
b719ce180ec7bd9641fece2f920f4817,Female,56.61579895019531
aa6df57fb6fe377d80b4a257b4a92cba,Halo,51.94572830200195
98921133d10fbdb0fb6dbb7b2648befe,Head,59.62232208251953
c1bb19b27818343c1926119b958741b5,Human,99.84864044189453
40bed7cf9b3d4bb3a3d7a7e3eb18c5eb,Person,99.84864044189453
c03d53b70feba4ea842510abecd6c45e,Photo,62.35110092163086
a2a5c33eda9046576764de2400b1aa50,Photography,62.35110092163086
1c7444be9626d149ab598fb79b639f96,Portrait,62.35110092163086
8af5861002f3c157f9ba842bba10aa3f,Face,80.255859375
c1bb19b27818343c1926119b958741b5,Human,80.255859375
40bed7cf9b3d4bb3a3d7a7e3eb18c5eb,Person,80.255859375
c03d53b70feba4ea842510abecd6c45e,Photo,56.12291717529297
a2a5c33eda9046576764de2400b1aa50,Photography,56.12291717529297
815dff01257e5ef182b25d4c1ef0a7a0,Landscape,80.07129669189453
d212ce7fdc2357d19628334b5a2a2b2f,Nature,80.1492691040039
3f5dc11addfa97f293a748209062a0d9,Outdoors,80.07129669189453
b2aba95dc5b4ff30284e12621be5d560,Panoramic,80.07129669189453
915b0d18c086573fb4fcacf75bb6c4ac,Scenery,80.07129669189453
03462a41aec357b74c89eb8d272532f7,Sky,50.1541748046875
000c016d34ff41e245b69c67f22c83ff,Desert,56.46267318725586
85fb7708d989f936cb51ef53a8af080f,Horizon,55.61115646362305
c1bb19b27818343c1926119b958741b5,Human,77.5606689453125
815dff01257e5ef182b25d4c1ef0a7a0,Landscape,94.4797134399414
d212ce7fdc2357d19628334b5a2a2b2f,Nature,99.64322662353516
3f5dc11addfa97f293a748209062a0d9,Outdoors,99.27706146240234
b2aba95dc5b4ff30284e12621be5d560,Panoramic,94.4797134399414
40bed7cf9b3d4bb3a3d7a7e3eb18c5eb,Person,77.5606689453125
c03d53b70feba4ea842510abecd6c45e,Photo,58.747520446777344
a2a5c33eda9046576764de2400b1aa50,Photography,58.747520446777344
915b0d18c086573fb4fcacf75bb6c4ac,Scenery,94.4797134399414
03462a41aec357b74c89eb8d272532f7,Sky,61.723388671875
4c88924788f419b562d50acfddc3a781,Sunrise,50.483543395996094
000c016d34ff41e245b69c67f22c83ff,Desert,54.370750427246094
b4e6496a549343698ad8a608c3475546,Grand Theft Auto,52.048744201660156
85fb7708d989f936cb51ef53a8af080f,Horizon,52.41301727294922
c1bb19b27818343c1926119b958741b5,Human,96.78897094726562
815dff01257e5ef182b25d4c1ef0a7a0,Landscape,64.69310760498047
d212ce7fdc2357d19628334b5a2a2b2f,Nature,96.69438171386719
3f5dc11addfa97f293a748209062a0d9,Outdoors,93.6242904663086
b2aba95dc5b4ff30284e12621be5d560,Panoramic,64.69310760498047
78386ec8f2845742c324a3d7d3e800ff,People,53.12770080566406
40bed7cf9b3d4bb3a3d7a7e3eb18c5eb,Person,96.78897094726562
c03d53b70feba4ea842510abecd6c45e,Photo,56.41463088989258
a2a5c33eda9046576764de2400b1aa50,Photography,56.41463088989258
915b0d18c086573fb4fcacf75bb6c4ac,Scenery,68.00486755371094
03462a41aec357b74c89eb8d272532f7,Sky,57.19444274902344
4c88924788f419b562d50acfddc3a781,Sunrise,50.45930862426758
b4e6496a549343698ad8a608c3475546,Grand Theft Auto,72.80967712402344
c1bb19b27818343c1926119b958741b5,Human,96.94767761230469
d212ce7fdc2357d19628334b5a2a2b2f,Nature,75.48247528076172
3f5dc11addfa97f293a748209062a0d9,Outdoors,67.34500122070312
40bed7cf9b3d4bb3a3d7a7e3eb18c5eb,Person,96.94767761230469
b4e6496a549343698ad8a608c3475546,Grand Theft Auto,77.28599548339844
c1bb19b27818343c1926119b958741b5,Human,95.42822265625
40bed7cf9b3d4bb3a3d7a7e3eb18c5eb,Person,95.42822265625
b4e6496a549343698ad8a608c3475546,Grand Theft Auto,75.18113708496094
c1bb19b27818343c1926119b958741b5,Human,95.4514389038086
40bed7cf9b3d4bb3a3d7a7e3eb18c5eb,Person,95.4514389038086
b4e6496a549343698ad8a608c3475546,Grand Theft Auto,66.33077239990234
85fb7708d989f936cb51ef53a8af080f,Horizon,52.22420120239258
c1bb19b27818343c1926119b958741b5,Human,96.18446350097656
d212ce7fdc2357d19628334b5a2a2b2f,Nature,59.05596160888672
3f5dc11addfa97f293a748209062a0d9,Outdoors,52.22420120239258
40bed7cf9b3d4bb3a3d7a7e3eb18c5eb,Person,96.18446350097656
03462a41aec357b74c89eb8d272532f7,Sky,52.22420120239258
636e48cb20aff512acac1609c23c0467,Final Fantasy,57.47541046142578
b4e6496a549343698ad8a608c3475546,Grand Theft Auto,58.12577438354492
c1bb19b27818343c1926119b958741b5,Human,96.76654815673828
d212ce7fdc2357d19628334b5a2a2b2f,Nature,52.30523681640625
40bed7cf9b3d4bb3a3d7a7e3eb18c5eb,Person,96.76654815673828
636e48cb20aff512acac1609c23c0467,Final Fantasy,64.2511978149414
b4e6496a549343698ad8a608c3475546,Grand Theft Auto,52.33436584472656
c1bb19b27818343c1926119b958741b5,Human,96.5735092163086
d212ce7fdc2357d19628334b5a2a2b2f,Nature,52.10616683959961
40bed7cf9b3d4bb3a3d7a7e3eb18c5eb,Person,96.5735092163086
161e7ce7bfdc89ab4b9f52c1d4c94212,Animal,80.08555603027344
ebe418ae757b121b0d636041981fc1d1,Bird,80.08555603027344
f60acd6991c212d2881fc542bab5fd10,Buffalo,55.86650466918945
c39b56d4489fb2507289e7ae19567b80,Building,55.31309127807617
b8aa653990ab9b4c8762d6dc7a8dfce6,Call of Duty,52.39997100830078
6f16a5f8ff5d75ab84c018adacdfcbb7,Field,58.99043655395508
c1bb19b27818343c1926119b958741b5,Human,75.65655517578125
37426113d129e79f548f4c90930fa697,Mammal,55.86650466918945
d212ce7fdc2357d19628334b5a2a2b2f,Nature,59.229576110839844
3f5dc11addfa97f293a748209062a0d9,Outdoors,67.64128875732422
40bed7cf9b3d4bb3a3d7a7e3eb18c5eb,Person,75.65655517578125
a600971fdd23ea1f5685d7ee01d5f5c3,Transportation,59.79731750488281
d6af9c1eaff2a89ebd3f8d0c542be12b,Vehicle,59.79731750488281
dea0553f9f313356e6a27761a768b083,Wildlife,55.86650466918945
161e7ce7bfdc89ab4b9f52c1d4c94212,Animal,74.37324523925781
ebe418ae757b121b0d636041981fc1d1,Bird,74.37324523925781
f60acd6991c212d2881fc542bab5fd10,Buffalo,58.042198181152344
c39b56d4489fb2507289e7ae19567b80,Building,65.06448364257812
b8aa653990ab9b4c8762d6dc7a8dfce6,Call of Duty,51.89727020263672
6f16a5f8ff5d75ab84c018adacdfcbb7,Field,61.05719757080078
6214b425ac6d1ce4c7246d4f40f95bf5,Housing,51.793949127197266
c1bb19b27818343c1926119b958741b5,Human,67.3770523071289
37426113d129e79f548f4c90930fa697,Mammal,58.042198181152344
d212ce7fdc2357d19628334b5a2a2b2f,Nature,60.0917854309082
3f5dc11addfa97f293a748209062a0d9,Outdoors,69.80386352539062
40bed7cf9b3d4bb3a3d7a7e3eb18c5eb,Person,67.3770523071289
a600971fdd23ea1f5685d7ee01d5f5c3,Transportation,51.17782974243164
d6af9c1eaff2a89ebd3f8d0c542be12b,Vehicle,51.17782974243164
dea0553f9f313356e6a27761a768b083,Wildlife,58.042198181152344
161e7ce7bfdc89ab4b9f52c1d4c94212,Animal,88.878173828125
ebe418ae757b121b0d636041981fc1d1,Bird,88.878173828125
f60acd6991c212d2881fc542bab5fd10,Buffalo,58.20063018798828
c39b56d4489fb2507289e7ae19567b80,Building,57.710079193115234
6f16a5f8ff5d75ab84c018adacdfcbb7,Field,60.74722671508789
37426113d129e79f548f4c90930fa697,Mammal,58.20063018798828
d212ce7fdc2357d19628334b5a2a2b2f,Nature,63.70996856689453
3f5dc11addfa97f293a748209062a0d9,Outdoors,74.13139343261719
a600971fdd23ea1f5685d7ee01d5f5c3,Transportation,57.167049407958984
d6af9c1eaff2a89ebd3f8d0c542be12b,Vehicle,57.167049407958984
dea0553f9f313356e6a27761a768b083,Wildlife,58.20063018798828
161e7ce7bfdc89ab4b9f52c1d4c94212,Animal,93.3388900756836
ebe418ae757b121b0d636041981fc1d1,Bird,93.3388900756836
f60acd6991c212d2881fc542bab5fd10,Buffalo,56.45804214477539
6f16a5f8ff5d75ab84c018adacdfcbb7,Field,58.49528121948242
3519d51443d41746a097cd54cd5c11cf,Ground,51.6820068359375
512ef7c688a2c8572d5e16f44e17e869,Land,54.84296798706055
37426113d129e79f548f4c90930fa697,Mammal,56.45804214477539
d212ce7fdc2357d19628334b5a2a2b2f,Nature,69.3359603881836
3f5dc11addfa97f293a748209062a0d9,Outdoors,80.05638122558594
a600971fdd23ea1f5685d7ee01d5f5c3,Transportation,61.1926155090332
d6af9c1eaff2a89ebd3f8d0c542be12b,Vehicle,61.04448699951172
dea0553f9f313356e6a27761a768b083,Wildlife,56.45804214477539
161e7ce7bfdc89ab4b9f52c1d4c94212,Animal,92.01179504394531
ebe418ae757b121b0d636041981fc1d1,Bird,92.01179504394531
f60acd6991c212d2881fc542bab5fd10,Buffalo,56.56218338012695
6f16a5f8ff5d75ab84c018adacdfcbb7,Field,61.51759719848633
3519d51443d41746a097cd54cd5c11cf,Ground,50.28553771972656
c1bb19b27818343c1926119b958741b5,Human,50.791141510009766
37426113d129e79f548f4c90930fa697,Mammal,57.20521926879883
d212ce7fdc2357d19628334b5a2a2b2f,Nature,65.8367919921875
3f5dc11addfa97f293a748209062a0d9,Outdoors,77.6443862915039
40bed7cf9b3d4bb3a3d7a7e3eb18c5eb,Person,50.791141510009766
a600971fdd23ea1f5685d7ee01d5f5c3,Transportation,60.17630386352539
d6af9c1eaff2a89ebd3f8d0c542be12b,Vehicle,59.628997802734375
dea0553f9f313356e6a27761a768b083,Wildlife,56.56218338012695
161e7ce7bfdc89ab4b9f52c1d4c94212,Animal,95.72425842285156
ebe418ae757b121b0d636041981fc1d1,Bird,95.72425842285156
f60acd6991c212d2881fc542bab5fd10,Buffalo,59.83195114135742
37426113d129e79f548f4c90930fa697,Mammal,61.810543060302734
3f5dc11addfa97f293a748209062a0d9,Outdoors,59.97505569458008
a600971fdd23ea1f5685d7ee01d5f5c3,Transportation,51.38100814819336
d6af9c1eaff2a89ebd3f8d0c542be12b,Vehicle,50.9513053894043
dea0553f9f313356e6a27761a768b083,Wildlife,59.83195114135742
161e7ce7bfdc89ab4b9f52c1d4c94212,Animal,91.62876892089844
ebe418ae757b121b0d636041981fc1d1,Bird,91.62876892089844
f60acd6991c212d2881fc542bab5fd10,Buffalo,57.72237777709961
b8aa653990ab9b4c8762d6dc7a8dfce6,Call of Duty,51.732391357421875
bdf2e45b317c45851fb8b3bd1b308476,Hunting,52.009700775146484
37426113d129e79f548f4c90930fa697,Mammal,58.365413665771484
dea0553f9f313356e6a27761a768b083,Wildlife,57.72237777709961
20fe25f778b87e63f711e4adc4008ce1,Airfield,50.63053894042969
e529f1ffeb63c7d27e84f3d50b465a03,Airport,50.63053894042969
161e7ce7bfdc89ab4b9f52c1d4c94212,Animal,81.59504699707031
ebe418ae757b121b0d636041981fc1d1,Bird,81.59504699707031
f60acd6991c212d2881fc542bab5fd10,Buffalo,54.99082946777344
6f16a5f8ff5d75ab84c018adacdfcbb7,Field,50.843265533447266
c1bb19b27818343c1926119b958741b5,Human,65.28045654296875
37426113d129e79f548f4c90930fa697,Mammal,54.99082946777344
d212ce7fdc2357d19628334b5a2a2b2f,Nature,69.22018432617188
3f5dc11addfa97f293a748209062a0d9,Outdoors,73.02930450439453
40bed7cf9b3d4bb3a3d7a7e3eb18c5eb,Person,65.28045654296875
dea0553f9f313356e6a27761a768b083,Wildlife,54.99082946777344
161e7ce7bfdc89ab4b9f52c1d4c94212,Animal,81.40995788574219
ebe418ae757b121b0d636041981fc1d1,Bird,71.45703125
f60acd6991c212d2881fc542bab5fd10,Buffalo,53.90180206298828
6f16a5f8ff5d75ab84c018adacdfcbb7,Field,55.09822463989258
aa6df57fb6fe377d80b4a257b4a92cba,Halo,50.26266098022461
c1bb19b27818343c1926119b958741b5,Human,81.83162689208984
37426113d129e79f548f4c90930fa697,Mammal,53.90180206298828
d212ce7fdc2357d19628334b5a2a2b2f,Nature,77.7964859008789
3f5dc11addfa97f293a748209062a0d9,Outdoors,82.08700561523438
40bed7cf9b3d4bb3a3d7a7e3eb18c5eb,Person,81.83162689208984
a600971fdd23ea1f5685d7ee01d5f5c3,Transportation,57.11648941040039
d6af9c1eaff2a89ebd3f8d0c542be12b,Vehicle,56.96347427368164
dea0553f9f313356e6a27761a768b083,Wildlife,53.90180206298828
b95086a92ffcac73f9c828876a8366f0,Aircraft,84.43899536132812
161e7ce7bfdc89ab4b9f52c1d4c94212,Animal,59.654266357421875
f60acd6991c212d2881fc542bab5fd10,Buffalo,51.90795135498047
6f16a5f8ff5d75ab84c018adacdfcbb7,Field,51.972896575927734
2ab8b43468e8b92b0fc5c81e70e35a2d,Helicopter,83.83644104003906
c1bb19b27818343c1926119b958741b5,Human,93.49730682373047
37426113d129e79f548f4c90930fa697,Mammal,51.90795135498047
ec9903c79dd510ffa43f69ee867a9002,Mountain,70.75262451171875
d212ce7fdc2357d19628334b5a2a2b2f,Nature,84.9572982788086
3f5dc11addfa97f293a748209062a0d9,Outdoors,86.68535614013672
40bed7cf9b3d4bb3a3d7a7e3eb18c5eb,Person,93.49730682373047
a600971fdd23ea1f5685d7ee01d5f5c3,Transportation,86.17144775390625
d6af9c1eaff2a89ebd3f8d0c542be12b,Vehicle,86.12171173095703
dea0553f9f313356e6a27761a768b083,Wildlife,51.90795135498047
b95086a92ffcac73f9c828876a8366f0,Aircraft,97.23321533203125
161e7ce7bfdc89ab4b9f52c1d4c94212,Animal,51.591453552246094
f60acd6991c212d2881fc542bab5fd10,Buffalo,51.591453552246094
c39b56d4489fb2507289e7ae19567b80,Building,55.52961349487305
b8aa653990ab9b4c8762d6dc7a8dfce6,Call of Duty,53.09915542602539
bd2b7e5f85a6ea65065c4ebc6d7c95bb,Fire,51.95728302001953
2ab8b43468e8b92b0fc5c81e70e35a2d,Helicopter,97.23321533203125
c1bb19b27818343c1926119b958741b5,Human,97.44889831542969
37426113d129e79f548f4c90930fa697,Mammal,51.591453552246094
ec9903c79dd510ffa43f69ee867a9002,Mountain,68.3657455444336
d212ce7fdc2357d19628334b5a2a2b2f,Nature,69.93085479736328
3f5dc11addfa97f293a748209062a0d9,Outdoors,71.60211944580078
40bed7cf9b3d4bb3a3d7a7e3eb18c5eb,Person,97.44889831542969
a600971fdd23ea1f5685d7ee01d5f5c3,Transportation,97.23321533203125
d6af9c1eaff2a89ebd3f8d0c542be12b,Vehicle,97.23321533203125
dea0553f9f313356e6a27761a768b083,Wildlife,51.591453552246094
b95086a92ffcac73f9c828876a8366f0,Aircraft,97.70820617675781
b8aa653990ab9b4c8762d6dc7a8dfce6,Call of Duty,52.49823760986328
aa6df57fb6fe377d80b4a257b4a92cba,Halo,60.84963607788086
2ab8b43468e8b92b0fc5c81e70e35a2d,Helicopter,97.70820617675781
c1bb19b27818343c1926119b958741b5,Human,96.4866943359375
40bed7cf9b3d4bb3a3d7a7e3eb18c5eb,Person,96.4866943359375
a600971fdd23ea1f5685d7ee01d5f5c3,Transportation,97.70820617675781
d6af9c1eaff2a89ebd3f8d0c542be12b,Vehicle,97.70820617675781
b95086a92ffcac73f9c828876a8366f0,Aircraft,96.6788101196289
aa6df57fb6fe377d80b4a257b4a92cba,Halo,77.08109283447266
2ab8b43468e8b92b0fc5c81e70e35a2d,Helicopter,96.6788101196289
c1bb19b27818343c1926119b958741b5,Human,95.73558044433594
47c954121886a5e5aaca7eece461b56f,Machine,74.0087661743164
40bed7cf9b3d4bb3a3d7a7e3eb18c5eb,Person,95.73558044433594
a600971fdd23ea1f5685d7ee01d5f5c3,Transportation,96.6788101196289
d6af9c1eaff2a89ebd3f8d0c542be12b,Vehicle,96.6788101196289
a5df60ef4fc4447353769d66661d2229,Wheel,69.05625915527344
b95086a92ffcac73f9c828876a8366f0,Aircraft,96.83893585205078
aa6df57fb6fe377d80b4a257b4a92cba,Halo,70.50489044189453
2ab8b43468e8b92b0fc5c81e70e35a2d,Helicopter,96.83893585205078
c1bb19b27818343c1926119b958741b5,Human,96.67433166503906
47c954121886a5e5aaca7eece461b56f,Machine,65.0327377319336
3f5dc11addfa97f293a748209062a0d9,Outdoors,50.763301849365234
40bed7cf9b3d4bb3a3d7a7e3eb18c5eb,Person,96.67433166503906
a600971fdd23ea1f5685d7ee01d5f5c3,Transportation,96.83893585205078
d6af9c1eaff2a89ebd3f8d0c542be12b,Vehicle,96.83893585205078
a5df60ef4fc4447353769d66661d2229,Wheel,65.0327377319336
b95086a92ffcac73f9c828876a8366f0,Aircraft,95.69944763183594
aa6df57fb6fe377d80b4a257b4a92cba,Halo,62.83424758911133
2ab8b43468e8b92b0fc5c81e70e35a2d,Helicopter,95.69944763183594
c1bb19b27818343c1926119b958741b5,Human,97.20391082763672
40bed7cf9b3d4bb3a3d7a7e3eb18c5eb,Person,97.20391082763672
a600971fdd23ea1f5685d7ee01d5f5c3,Transportation,95.69944763183594
d6af9c1eaff2a89ebd3f8d0c542be12b,Vehicle,95.69944763183594
b95086a92ffcac73f9c828876a8366f0,Aircraft,88.25008392333984
0a80e17d0745a88ad1159fd6413de8b3,Automobile,60.94136428833008
e9989db5dabeea617f40c8dbfd07f5fb,Car,60.94136428833008
aa6df57fb6fe377d80b4a257b4a92cba,Halo,64.60421752929688
2ab8b43468e8b92b0fc5c81e70e35a2d,Helicopter,88.25008392333984
c1bb19b27818343c1926119b958741b5,Human,95.42916870117188
47c954121886a5e5aaca7eece461b56f,Machine,61.545005798339844
40bed7cf9b3d4bb3a3d7a7e3eb18c5eb,Person,95.42916870117188
a600971fdd23ea1f5685d7ee01d5f5c3,Transportation,90.83324432373047
d6af9c1eaff2a89ebd3f8d0c542be12b,Vehicle,90.83324432373047
a5df60ef4fc4447353769d66661d2229,Wheel,61.545005798339844
b95086a92ffcac73f9c828876a8366f0,Aircraft,81.76043701171875
54118ed33b4e838063109b752c1195e6,Airplane,61.748260498046875
161e7ce7bfdc89ab4b9f52c1d4c94212,Animal,52.03935623168945
0a80e17d0745a88ad1159fd6413de8b3,Automobile,73.59333801269531
f60acd6991c212d2881fc542bab5fd10,Buffalo,52.03935623168945
e9989db5dabeea617f40c8dbfd07f5fb,Car,73.59333801269531
b9987a246a537f4fe86f1f2e3d10dbdb,Display,52.67648696899414
ee3c6e8ed9c27c45f161ea416c997df8,Electronics,54.1254997253418
b4e6496a549343698ad8a608c3475546,Grand Theft Auto,51.149757385253906
aa6df57fb6fe377d80b4a257b4a92cba,Halo,57.60038375854492
2ab8b43468e8b92b0fc5c81e70e35a2d,Helicopter,81.76043701171875
c1bb19b27818343c1926119b958741b5,Human,94.97106170654297
47c954121886a5e5aaca7eece461b56f,Machine,87.15800476074219
37426113d129e79f548f4c90930fa697,Mammal,52.03935623168945
d2986ac8cb6bd55892099c1ffd6b1f6f,Monitor,52.67648696899414
d212ce7fdc2357d19628334b5a2a2b2f,Nature,67.00303649902344
3f5dc11addfa97f293a748209062a0d9,Outdoors,66.69404602050781
40bed7cf9b3d4bb3a3d7a7e3eb18c5eb,Person,94.97106170654297
2fc3359e12b2a9104121dcf04246f6a0,Screen,54.1254997253418
e4b17d74cfa6cbd5d1028e5af92f0a92,Tire,50.618186950683594
a600971fdd23ea1f5685d7ee01d5f5c3,Transportation,89.7086181640625
d6af9c1eaff2a89ebd3f8d0c542be12b,Vehicle,89.7086181640625
a5df60ef4fc4447353769d66661d2229,Wheel,87.15800476074219
dea0553f9f313356e6a27761a768b083,Wildlife,52.03935623168945
b95086a92ffcac73f9c828876a8366f0,Aircraft,89.68990325927734
54118ed33b4e838063109b752c1195e6,Airplane,61.982093811035156
161e7ce7bfdc89ab4b9f52c1d4c94212,Animal,50.940025329589844
0a80e17d0745a88ad1159fd6413de8b3,Automobile,51.27593231201172
f60acd6991c212d2881fc542bab5fd10,Buffalo,50.940025329589844
e9989db5dabeea617f40c8dbfd07f5fb,Car,51.27593231201172
aa6df57fb6fe377d80b4a257b4a92cba,Halo,63.48183059692383
2ab8b43468e8b92b0fc5c81e70e35a2d,Helicopter,89.68990325927734
c1bb19b27818343c1926119b958741b5,Human,96.46312713623047
47c954121886a5e5aaca7eece461b56f,Machine,90.08097839355469
37426113d129e79f548f4c90930fa697,Mammal,50.940025329589844
d212ce7fdc2357d19628334b5a2a2b2f,Nature,58.76483154296875
3f5dc11addfa97f293a748209062a0d9,Outdoors,58.32499694824219
40bed7cf9b3d4bb3a3d7a7e3eb18c5eb,Person,96.46312713623047
a600971fdd23ea1f5685d7ee01d5f5c3,Transportation,92.27306365966797
d6af9c1eaff2a89ebd3f8d0c542be12b,Vehicle,92.27306365966797
a5df60ef4fc4447353769d66661d2229,Wheel,90.08097839355469
dea0553f9f313356e6a27761a768b083,Wildlife,50.940025329589844
b95086a92ffcac73f9c828876a8366f0,Aircraft,94.30525970458984
aa6df57fb6fe377d80b4a257b4a92cba,Halo,74.29656219482422
2ab8b43468e8b92b0fc5c81e70e35a2d,Helicopter,94.30525970458984
c1bb19b27818343c1926119b958741b5,Human,96.65768432617188
47c954121886a5e5aaca7eece461b56f,Machine,86.3484878540039
40bed7cf9b3d4bb3a3d7a7e3eb18c5eb,Person,96.65768432617188
a600971fdd23ea1f5685d7ee01d5f5c3,Transportation,94.30525970458984
d6af9c1eaff2a89ebd3f8d0c542be12b,Vehicle,94.30525970458984
a5df60ef4fc4447353769d66661d2229,Wheel,86.3484878540039
b95086a92ffcac73f9c828876a8366f0,Aircraft,97.2791748046875
aa6df57fb6fe377d80b4a257b4a92cba,Halo,71.43006896972656
2ab8b43468e8b92b0fc5c81e70e35a2d,Helicopter,97.2791748046875
c1bb19b27818343c1926119b958741b5,Human,95.00312805175781
47c954121886a5e5aaca7eece461b56f,Machine,74.67780303955078
d212ce7fdc2357d19628334b5a2a2b2f,Nature,50.29410934448242
3f5dc11addfa97f293a748209062a0d9,Outdoors,53.16392517089844
40bed7cf9b3d4bb3a3d7a7e3eb18c5eb,Person,95.00312805175781
a600971fdd23ea1f5685d7ee01d5f5c3,Transportation,97.2791748046875
d6af9c1eaff2a89ebd3f8d0c542be12b,Vehicle,97.2791748046875
a5df60ef4fc4447353769d66661d2229,Wheel,74.67780303955078
b95086a92ffcac73f9c828876a8366f0,Aircraft,97.96316528320312
161e7ce7bfdc89ab4b9f52c1d4c94212,Animal,54.995521545410156
aa6df57fb6fe377d80b4a257b4a92cba,Halo,59.309200286865234
2ab8b43468e8b92b0fc5c81e70e35a2d,Helicopter,97.96316528320312
c1bb19b27818343c1926119b958741b5,Human,91.6050033569336
47c954121886a5e5aaca7eece461b56f,Machine,59.124446868896484
d212ce7fdc2357d19628334b5a2a2b2f,Nature,50.46694564819336
3f5dc11addfa97f293a748209062a0d9,Outdoors,52.285369873046875
40bed7cf9b3d4bb3a3d7a7e3eb18c5eb,Person,91.6050033569336
a600971fdd23ea1f5685d7ee01d5f5c3,Transportation,97.96316528320312
d6af9c1eaff2a89ebd3f8d0c542be12b,Vehicle,97.96316528320312
a5df60ef4fc4447353769d66661d2229,Wheel,59.124446868896484
b95086a92ffcac73f9c828876a8366f0,Aircraft,97.05422973632812
54118ed33b4e838063109b752c1195e6,Airplane,64.8062744140625
aa6df57fb6fe377d80b4a257b4a92cba,Halo,62.99946212768555
2ab8b43468e8b92b0fc5c81e70e35a2d,Helicopter,97.05422973632812
c1bb19b27818343c1926119b958741b5,Human,89.7481460571289
47c954121886a5e5aaca7eece461b56f,Machine,58.211219787597656
d212ce7fdc2357d19628334b5a2a2b2f,Nature,56.96964645385742
3f5dc11addfa97f293a748209062a0d9,Outdoors,59.695003509521484
40bed7cf9b3d4bb3a3d7a7e3eb18c5eb,Person,89.7481460571289
a600971fdd23ea1f5685d7ee01d5f5c3,Transportation,97.05422973632812
d6af9c1eaff2a89ebd3f8d0c542be12b,Vehicle,97.05422973632812
a5df60ef4fc4447353769d66661d2229,Wheel,58.211219787597656
b95086a92ffcac73f9c828876a8366f0,Aircraft,92.51487731933594
54118ed33b4e838063109b752c1195e6,Airplane,71.33112335205078
aa6df57fb6fe377d80b4a257b4a92cba,Halo,75.25179290771484
2ab8b43468e8b92b0fc5c81e70e35a2d,Helicopter,92.51487731933594
c1bb19b27818343c1926119b958741b5,Human,90.06491088867188
47c954121886a5e5aaca7eece461b56f,Machine,60.903472900390625
40bed7cf9b3d4bb3a3d7a7e3eb18c5eb,Person,90.06491088867188
a600971fdd23ea1f5685d7ee01d5f5c3,Transportation,92.51487731933594
d6af9c1eaff2a89ebd3f8d0c542be12b,Vehicle,92.51487731933594
a5df60ef4fc4447353769d66661d2229,Wheel,55.349613189697266
b95086a92ffcac73f9c828876a8366f0,Aircraft,87.8853759765625
54118ed33b4e838063109b752c1195e6,Airplane,52.050315856933594
aa6df57fb6fe377d80b4a257b4a92cba,Halo,75.97154235839844
2ab8b43468e8b92b0fc5c81e70e35a2d,Helicopter,87.8853759765625
c1bb19b27818343c1926119b958741b5,Human,93.14812469482422
40bed7cf9b3d4bb3a3d7a7e3eb18c5eb,Person,93.14812469482422
a600971fdd23ea1f5685d7ee01d5f5c3,Transportation,87.8853759765625
d6af9c1eaff2a89ebd3f8d0c542be12b,Vehicle,87.8853759765625
b95086a92ffcac73f9c828876a8366f0,Aircraft,92.51957702636719
b8aa653990ab9b4c8762d6dc7a8dfce6,Call of Duty,50.41701889038086
aa6df57fb6fe377d80b4a257b4a92cba,Halo,84.4688720703125
2ab8b43468e8b92b0fc5c81e70e35a2d,Helicopter,92.51957702636719
c1bb19b27818343c1926119b958741b5,Human,90.37425994873047
47c954121886a5e5aaca7eece461b56f,Machine,57.26253890991211
40bed7cf9b3d4bb3a3d7a7e3eb18c5eb,Person,90.37425994873047
a600971fdd23ea1f5685d7ee01d5f5c3,Transportation,92.51957702636719
d6af9c1eaff2a89ebd3f8d0c542be12b,Vehicle,92.51957702636719
a5df60ef4fc4447353769d66661d2229,Wheel,51.708675384521484
b95086a92ffcac73f9c828876a8366f0,Aircraft,72.38507080078125
54118ed33b4e838063109b752c1195e6,Airplane,50.79710006713867
aa6df57fb6fe377d80b4a257b4a92cba,Halo,77.35392761230469
2ab8b43468e8b92b0fc5c81e70e35a2d,Helicopter,72.38507080078125
c1bb19b27818343c1926119b958741b5,Human,68.14019775390625
47c954121886a5e5aaca7eece461b56f,Machine,68.2879409790039
40bed7cf9b3d4bb3a3d7a7e3eb18c5eb,Person,68.14019775390625
a600971fdd23ea1f5685d7ee01d5f5c3,Transportation,79.66175079345703
d6af9c1eaff2a89ebd3f8d0c542be12b,Vehicle,79.66175079345703
a5df60ef4fc4447353769d66661d2229,Wheel,63.3909912109375
49c3fc5da1c39b28dd9e2956e7aec9a9,Alphabet,55.025306701660156
d05986c710559eda103c84991a8f05f2,Business Card,56.07257843017578
8c2857a9ad1d8f31659e35e904e20fa6,Logo,69.26873016357422
d0a662a5235ecde30739fe50cf0de830,Paper,56.07257843017578
02c86eb2792f3262c21d030a87e19793,Symbol,72.40637969970703
9dffbf69ffba8bc38bc4e01abf4b1675,Text,79.33037567138672
b1ff5704b48e42d700d43961dd415064,Trademark,69.26873016357422
49c3fc5da1c39b28dd9e2956e7aec9a9,Alphabet,63.81346130371094
d05986c710559eda103c84991a8f05f2,Business Card,69.81349182128906
abc6c92aca60753ffa6bd3916880ae54,Cushion,50.6279411315918
8af5861002f3c157f9ba842bba10aa3f,Face,58.91313552856445
8c2857a9ad1d8f31659e35e904e20fa6,Logo,86.22294616699219
d0a662a5235ecde30739fe50cf0de830,Paper,69.81349182128906
d9c182949229fe61594b6d77025359c7,Pillow,50.6279411315918
02c86eb2792f3262c21d030a87e19793,Symbol,86.22294616699219
9dffbf69ffba8bc38bc4e01abf4b1675,Text,94.04936218261719
b1ff5704b48e42d700d43961dd415064,Trademark,86.22294616699219
07a094a210794e74a0e5e1a1457a92ee,Word,54.259552001953125
49c3fc5da1c39b28dd9e2956e7aec9a9,Alphabet,63.82659149169922
d05986c710559eda103c84991a8f05f2,Business Card,69.8089828491211
abc6c92aca60753ffa6bd3916880ae54,Cushion,50.61012268066406
8af5861002f3c157f9ba842bba10aa3f,Face,58.91313552856445
8c2857a9ad1d8f31659e35e904e20fa6,Logo,86.21015930175781
d0a662a5235ecde30739fe50cf0de830,Paper,69.8089828491211
d9c182949229fe61594b6d77025359c7,Pillow,50.61012268066406
02c86eb2792f3262c21d030a87e19793,Symbol,86.21015930175781
9dffbf69ffba8bc38bc4e01abf4b1675,Text,94.05162811279297
b1ff5704b48e42d700d43961dd415064,Trademark,86.21015930175781
07a094a210794e74a0e5e1a1457a92ee,Word,54.259552001953125
49c3fc5da1c39b28dd9e2956e7aec9a9,Alphabet,63.82659149169922
d05986c710559eda103c84991a8f05f2,Business Card,69.8089828491211
abc6c92aca60753ffa6bd3916880ae54,Cushion,50.61012268066406
8af5861002f3c157f9ba842bba10aa3f,Face,58.91313552856445
8c2857a9ad1d8f31659e35e904e20fa6,Logo,86.21015930175781
d0a662a5235ecde30739fe50cf0de830,Paper,69.8089828491211
d9c182949229fe61594b6d77025359c7,Pillow,50.61012268066406
02c86eb2792f3262c21d030a87e19793,Symbol,86.21015930175781
9dffbf69ffba8bc38bc4e01abf4b1675,Text,94.05162811279297
b1ff5704b48e42d700d43961dd415064,Trademark,86.21015930175781
07a094a210794e74a0e5e1a1457a92ee,Word,54.259552001953125
49c3fc5da1c39b28dd9e2956e7aec9a9,Alphabet,63.82659149169922
d05986c710559eda103c84991a8f05f2,Business Card,69.8089828491211
abc6c92aca60753ffa6bd3916880ae54,Cushion,50.61012268066406
8af5861002f3c157f9ba842bba10aa3f,Face,58.91313552856445
8c2857a9ad1d8f31659e35e904e20fa6,Logo,86.21015930175781
d0a662a5235ecde30739fe50cf0de830,Paper,69.8089828491211
d9c182949229fe61594b6d77025359c7,Pillow,50.61012268066406
02c86eb2792f3262c21d030a87e19793,Symbol,86.21015930175781
9dffbf69ffba8bc38bc4e01abf4b1675,Text,94.05162811279297
b1ff5704b48e42d700d43961dd415064,Trademark,86.21015930175781
07a094a210794e74a0e5e1a1457a92ee,Word,54.259552001953125
49c3fc5da1c39b28dd9e2956e7aec9a9,Alphabet,63.82659149169922
d05986c710559eda103c84991a8f05f2,Business Card,69.8089828491211
abc6c92aca60753ffa6bd3916880ae54,Cushion,50.61012268066406
8af5861002f3c157f9ba842bba10aa3f,Face,58.91313552856445
8c2857a9ad1d8f31659e35e904e20fa6,Logo,86.21015930175781
d0a662a5235ecde30739fe50cf0de830,Paper,69.8089828491211
d9c182949229fe61594b6d77025359c7,Pillow,50.61012268066406
02c86eb2792f3262c21d030a87e19793,Symbol,86.21015930175781
9dffbf69ffba8bc38bc4e01abf4b1675,Text,94.05162811279297
b1ff5704b48e42d700d43961dd415064,Trademark,86.21015930175781
07a094a210794e74a0e5e1a1457a92ee,Word,54.259552001953125
49c3fc5da1c39b28dd9e2956e7aec9a9,Alphabet,63.82659149169922
d05986c710559eda103c84991a8f05f2,Business Card,69.8089828491211
abc6c92aca60753ffa6bd3916880ae54,Cushion,50.61012268066406
8af5861002f3c157f9ba842bba10aa3f,Face,58.91313552856445
8c2857a9ad1d8f31659e35e904e20fa6,Logo,86.21015930175781
d0a662a5235ecde30739fe50cf0de830,Paper,69.8089828491211
d9c182949229fe61594b6d77025359c7,Pillow,50.61012268066406
02c86eb2792f3262c21d030a87e19793,Symbol,86.21015930175781
9dffbf69ffba8bc38bc4e01abf4b1675,Text,94.05162811279297
b1ff5704b48e42d700d43961dd415064,Trademark,86.21015930175781
07a094a210794e74a0e5e1a1457a92ee,Word,54.259552001953125
49c3fc5da1c39b28dd9e2956e7aec9a9,Alphabet,63.82659149169922
d05986c710559eda103c84991a8f05f2,Business Card,69.8089828491211
abc6c92aca60753ffa6bd3916880ae54,Cushion,50.61012268066406
8af5861002f3c157f9ba842bba10aa3f,Face,58.91313552856445
8c2857a9ad1d8f31659e35e904e20fa6,Logo,86.21015930175781
d0a662a5235ecde30739fe50cf0de830,Paper,69.8089828491211
d9c182949229fe61594b6d77025359c7,Pillow,50.61012268066406
02c86eb2792f3262c21d030a87e19793,Symbol,86.21015930175781
9dffbf69ffba8bc38bc4e01abf4b1675,Text,94.05162811279297
b1ff5704b48e42d700d43961dd415064,Trademark,86.21015930175781
07a094a210794e74a0e5e1a1457a92ee,Word,54.259552001953125
49c3fc5da1c39b28dd9e2956e7aec9a9,Alphabet,63.82659149169922
d05986c710559eda103c84991a8f05f2,Business Card,69.8089828491211
abc6c92aca60753ffa6bd3916880ae54,Cushion,50.61012268066406
8af5861002f3c157f9ba842bba10aa3f,Face,58.91313552856445
8c2857a9ad1d8f31659e35e904e20fa6,Logo,86.21015930175781
d0a662a5235ecde30739fe50cf0de830,Paper,69.8089828491211
d9c182949229fe61594b6d77025359c7,Pillow,50.61012268066406
02c86eb2792f3262c21d030a87e19793,Symbol,86.21015930175781
9dffbf69ffba8bc38bc4e01abf4b1675,Text,94.05162811279297
b1ff5704b48e42d700d43961dd415064,Trademark,86.21015930175781
07a094a210794e74a0e5e1a1457a92ee,Word,54.259552001953125
49c3fc5da1c39b28dd9e2956e7aec9a9,Alphabet,63.826595306396484
d05986c710559eda103c84991a8f05f2,Business Card,69.8089828491211
abc6c92aca60753ffa6bd3916880ae54,Cushion,50.6101188659668
8af5861002f3c157f9ba842bba10aa3f,Face,58.91313552856445
8c2857a9ad1d8f31659e35e904e20fa6,Logo,86.21015930175781
d0a662a5235ecde30739fe50cf0de830,Paper,69.8089828491211
d9c182949229fe61594b6d77025359c7,Pillow,50.6101188659668
02c86eb2792f3262c21d030a87e19793,Symbol,86.21015930175781
9dffbf69ffba8bc38bc4e01abf4b1675,Text,94.05162811279297
b1ff5704b48e42d700d43961dd415064,Trademark,86.21015930175781
07a094a210794e74a0e5e1a1457a92ee,Word,54.259552001953125
